<Ui xmlns="http://www.blizzard.com/wow/ui/" xmlns:xsi="http://www.w3.org/2001/XMLSchema-instance" xsi:schemaLocation="http://www.blizzard.com/wow/ui/
..\FrameXML\UI.xsd">
	<Script file="BFMData.lua"/>
	<Script file="BFPetDate.lua"/>
	<Script file="BFmount.lua"/>
	<CheckButton name="BFMountButtonTemplate" inherits="SecureFrameTemplate" virtual="true">
		<Size>
			<AbsDimension x="37" y="37"/>
		</Size>

		<Frames>
			<Cooldown name="$parentCooldown" inherits="CooldownFrameTemplate"/>
		</Frames>
		<Scripts>
			<OnClick>
				PlaySound("igMainMenuOptionCheckBoxOn");
				BFMount_MountButtonOnClick(self)
			</OnClick>
			<OnEnter>
				if self.spellID then
					GameTooltip:SetOwner(self, "ANCHOR_BOTTOMRIGHT");
					if ( GameTooltip:SetSpellByID(self.spellID) ) then
						self.UpdateTooltip = self:GetScript("OnEnter")
					else
						self.UpdateTooltip = nil;
					end
					GameTooltip:Show()
				else
					GameTooltip:Hide()
				end
			</OnEnter>
			<OnLeave>
				GameTooltip:Hide();
			</OnLeave>
		</Scripts>
		<DisabledTexture file="Interface\Buttons\UI-Panel-Button-Disabled" alphaMode="ADD" >
			<TexCoords left="0" right="0.625" top="0" bottom="0.6875"/>
		</DisabledTexture>
		<HighlightTexture name="$parentHighlight" file="Interface\Buttons\ButtonHilight-Square" alphaMode="ADD"/>
		<CheckedTexture file="Interface\Buttons\CheckButtonHilight" alphaMode="ADD"/>
	</CheckButton>
	<Button name="BFMountFilterButton" inherits="UIMenuButtonStretchTemplate" text="ALL">
		<Size x="93" y="22"/>
		<Scripts>
			<OnClick> 
				PlaySound("igMainMenuOptionCheckBoxOn");
				ToggleDropDownMenu(1, nil, BFMountFilterDropDown, "BFMountFilterButton", 74, 15);
			</OnClick>	
			<OnLoad>
				self.rightArrow:Show();
			</OnLoad>
		</Scripts>						
	</Button>
	<Frame name="BFMountFilterDropDown" inherits="UIDropDownMenuTemplate">
		<Scripts>
			<OnLoad function="BFMountFilterDropDown_OnLoad"/>
		</Scripts>
	</Frame>
	<Button name="BFMountSelectAll" text="BFM_SELECTALLBUTTON_TEXT" inherits="UIPanelButtonTemplate">
		<Size x="110" y="21"/>
		<Scripts>
			<OnClick function="BFMount_SelectAll"/>
		</Scripts>
	</Button>
	<Button name="BFMountSelectNone" text="BFM_SELECTNONEBUTTON_TEXT"  inherits="UIPanelButtonTemplate">
		<Size x="110" y="21"/>
		<Scripts>
			<OnClick function="BFMount_UnselectAll"/>
		</Scripts>
	</Button>
	<CheckButton name="BFMountSelectedButtonTemplate"  virtual = "true">
		<Size>
			<AbsDimension x="25" y="25"/>
		</Size>
		<Scripts>
			<OnClick>
				PlaySound("igMainMenuOptionCheckBoxOn");
				BFMount_MountButtonOnClick(self)
			</OnClick>
		</Scripts>
		<NormalTexture file="Interface\Buttons\UI-CheckBox-Up"/>
		<PushedTexture file="Interface\Buttons\UI-CheckBox-Down"/>
		<HighlightTexture file="Interface\Buttons\UI-CheckBox-Highlight" alphaMode="ADD"/>
		<CheckedTexture file="Interface\Buttons\UI-CheckBox-Check"/>
		<DisabledCheckedTexture file="Interface\Buttons\UI-CheckBox-Check-Disabled"/>
	</CheckButton>
	<CheckButton name="BFMountFrameTabTemplate" virtual="true" >
		<Size x="32" y="32"/>
		<Layers>
			<Layer level="BACKGROUND">
				<Texture name="$parentBackground" file="Interface\SpellBook\SpellBook-SkillLineTab">
					<Size x="64" y="64"/>
					<Anchors>
						<Anchor point="TOPLEFT">
							<Offset x="-3" y="11"/>
						</Anchor>
					</Anchors>
				</Texture>
			</Layer>
		</Layers>
		<Scripts>
			<OnClick>
				BFMount_MountTabOnClick(self,self.tabindex)
			</OnClick>
			<OnEnter>
				BFMount_TabOnEnter(self);
			</OnEnter>
			<OnLeave>
				GameTooltip:Hide();
			</OnLeave>
		</Scripts>
		<NormalTexture/>
		<HighlightTexture file="Interface\Buttons\ButtonHilight-Square" alphaMode="ADD"/>
		<CheckedTexture file="Interface\Buttons\CheckButtonHilight" alphaMode="ADD"/>
	</CheckButton>
	<!--<Button name="BFMountMacroGen" text="__BFM_GENERATEMOUNTBUTTON_TEXT" inherits="UIPanelButtonTemplate">
		<Size x="125" y="21"/>
		<Scripts>
			<OnClick function="BFMount_GenerateMountButtonOnClick"/>
		</Scripts>
	</Button>-->
	<Frame name="BFMountFrame" inherits="UIPanelDialogTemplate" toplevel="true" movable="true" parent="UIParent"  hidden="true">
        <Size x="287" y="606"/>
     <!--   <Anchors>
			<Anchor point="TOP" relativePoint="TOP">
				<Offset x="0" y="5"/>
			</Anchor>
		</Anchors>-->
		<Layers>
			<Layer level="BACKGROUND">
				<FontString justifyH="RIGHT" inherits="NumberFont_Shadow_Small" text="BFM_AD_TEXT">
					<Color r="0.8" g="0.8" b="0.8" a="0.8"/>
					<Size>
						<AbsDimension x="250" y="36"/>
					</Size>
					<Anchors>
						<Anchor point="BOTTOMRIGHT" relativePoint="BOTTOMRIGHT">
							<Offset>
								<AbsDimension x="-15" y="6"/>
							</Offset>
						</Anchor>
					</Anchors>
				</FontString>
			</Layer>
		</Layers>
		<Frames>
			<CheckButton name="$parentTab1" inherits="BFMountFrameTabTemplate"  id="1">
				<Anchors>
					<Anchor point="TOPLEFT" relativePoint="TOPRIGHT">
						<Offset>
							<AbsDimension x="-5" y="-35"/>
						</Offset>
					</Anchor>
				</Anchors>
				<NormalTexture	file="Interface\Icons\ability_mount_charger"/>
				<Scripts>
					<OnLoad>
						self.tabindex=1
					</OnLoad>

				</Scripts>
			</CheckButton>
			<CheckButton name="$parentTab2" inherits="BFMountFrameTabTemplate"   id="2">
				<Anchors>
					<Anchor point="TOPLEFT" relativeTo="$parentTab1" relativePoint="BOTTOMLEFT">
						<Offset>
							<AbsDimension x="0" y="-17"/>
						</Offset>
					</Anchor>
				</Anchors>
				<NormalTexture	file="Interface\Icons\ability_mount_spectraltiger"/>
				<Scripts>
					<OnLoad>
						self.tabindex=2
					</OnLoad>
				</Scripts>
			</CheckButton>
			<CheckButton name="$parentTab3" inherits="BFMountFrameTabTemplate"  id="3">
				<Anchors>
					<Anchor point="TOPLEFT" relativeTo="$parentTab2" relativePoint="BOTTOMLEFT">
						<Offset>
							<AbsDimension x="0" y="-17"/>
						</Offset>
					</Anchor>
				</Anchors>
				<NormalTexture	file="Interface\Icons\ability_mount_netherdrakepurple"/>
				<Scripts>
					<OnLoad>
						self.tabindex=3
					</OnLoad>
				</Scripts>
			</CheckButton>
			<CheckButton name="$parentTab4" inherits="BFMountFrameTabTemplate"  id="4">
				<Anchors>
					<Anchor point="TOPLEFT" relativeTo="$parentTab3" relativePoint="BOTTOMLEFT">
						<Offset>
							<AbsDimension x="0" y="-17"/>
						</Offset>
					</Anchor>
				</Anchors>
					<NormalTexture	file="Interface\Icons\ability_mount_razorscale"/>
				<Scripts>
					<OnLoad>
						self.tabindex=4
					</OnLoad>
				</Scripts>
			</CheckButton>

			<ScrollFrame name="$parentScrollFrame" inherits="FauxScrollFrameTemplate">
				<Size>
					<AbsDimension x="247" y="290"/>
				</Size>
				<Anchors>
					<Anchor point="TOPRIGHT">
						<Offset>
							<AbsDimension x="-32" y="-35"/>
						</Offset>
					</Anchor>
				</Anchors>
				<Scripts>
					<OnVerticalScroll>
						FauxScrollFrame_OnVerticalScroll(self, offset, 20, BFMount_ScrollUpdate);
					</OnVerticalScroll>
				</Scripts>
			</ScrollFrame>

			
			
			
			
			
		</Frames>
    </Frame>

	<!--<Button name="BFMountFrameCallOutButton"  inherits="GameMenuButtonTemplate" hidden="true">
			<Size>
				<AbsDimension x="90" y="30"/>
			</Size>
		<Scripts>
			<OnLoad>
			</OnLoad>
			<OnClick function="BFMount_ShowMountPanelOnClick"/>
			<OnEnter>
			</OnEnter>
			<OnLeave>
			</OnLeave>
		</Scripts>
	</Button>-->

	<Button name="BFMountMacroButton" toplevel="true" parent="UIParent" hidden ="true">
		<Size>
			<AbsDimension x="37" y="37"/>
		</Size>
		<Layers>
			<Layer level="BORDER">
				<Texture name="$parentIconTexture" setAllPoints="true" hidden="false"/>
			</Layer>

			<Layer level="OVERLAY">
				<Texture name="$parentFlash" file="Interface\Buttons\CheckButtonGlow" alphaMode="ADD" hidden="true">
					<Size>
						<AbsDimension x="64" y="64"/>
					</Size>
					<Anchors>
						<Anchor point="CENTER" relativePoint="CENTER"/>
					</Anchors>
				</Texture>
			</Layer>
		</Layers>
		<Scripts>
			<OnLoad>
				self:RegisterForDrag("LeftButton");
				self:RegisterForClicks("LeftButtonUp", "RightButtonUp");
			</OnLoad>
			<OnClick>
				BFMount_MountButtonOnDrag(self, button, 1);
			</OnClick>
			<OnEnter>
				GameTooltip:SetOwner(self)
				GameTooltip:SetAnchorType("ANCHOR_BOTTOMLEFT")
				GameTooltip:AddLine(__BFM_MACRO_TOOLTIP_TEXT)
				GameTooltip:Show()
			</OnEnter>
			<OnLeave>
				GameTooltip:Hide()
			</OnLeave>
			<OnDragStart>
				BFMount_MountButtonOnDrag(self, button, 1);
			</OnDragStart>
        </Scripts>
	</Button>

	<Button name="BFPetMacroButton" toplevel="true" parent="UIParent" hidden ="true">
		<Size>
			<AbsDimension x="37" y="37"/>
		</Size>
		<Anchors>
			<Anchor point="CENTER" relativeTo="UIParent" relativePoint="CENTER">
				<Offset>
					<AbsDimension x="0" y="-150"/>
				</Offset>
			</Anchor>
		</Anchors>
		<Layers>
			<Layer level="BORDER">
				<Texture name="$parentIconTexture" setAllPoints="true" hidden="false"/>
			</Layer>

			<Layer level="OVERLAY">
				<Texture name="$parentFlash" file="Interface\Buttons\CheckButtonGlow" alphaMode="ADD" hidden="true">
					<Size>
						<AbsDimension x="64" y="64"/>
					</Size>
					<Anchors>
						<Anchor point="CENTER" relativePoint="CENTER"/>
					</Anchors>
				</Texture>
			</Layer>
		</Layers>
		<Scripts>
			<OnLoad>
				self:RegisterForDrag("LeftButton");
				self:RegisterForClicks("LeftButtonUp", "RightButtonUp");
			</OnLoad>
			<OnClick>
				BFPet_MountButtonOnDrag(self, button, 1);
			</OnClick>
			<OnDragStart>
				BFPet_MountButtonOnDrag(self, button, 1);
			</OnDragStart>
        </Scripts>
	</Button>
	<EditBox name="BFMount_Search" inherits="SearchBoxTemplate" parentKey="searchBox" letters="40">
		<Size x="150" y="20"/>
		<Scripts>
			<OnTextChanged function="BF_MountSearchOnTextChanged"/>
		</Scripts>
	</EditBox>
	<Button name="BFMountTutorialButton"  inherits="MainHelpPlateButton">
		<Scripts>
			<OnClick>
				BFMount_ToggleTutorial();
			</OnClick>
		</Scripts>
	</Button>
	<!--<Button name="BFPetFrameCallOutButton" parent="SpellBookFrame" inherits="GameMenuButtonTemplate" text= "__BFM_PET_CALLOUTBUTTON_TEXT_OUT" hidden="true">
		<Size>
			<AbsDimension x="87" y="25"/>
		</Size>
		<Scripts>
			<OnClick function="BFMount_ShowPetPanelOnClick"/>
			<OnEnter>
			</OnEnter>
			<OnLeave>
			</OnLeave>
		</Scripts>
	</Button>
	<Frame name="BFPetFrame" inherits="UIPanelDialogTemplate" toplevel="true" movable="true" parent="SpellBookFrame"  hidden="true">
        <Size x="287" y="532"/>
        <Anchors>
			<Anchor point="TOPLEFT" relativePoint="TOPRIGHT">
				<Offset x="0" y="5"/>
			</Anchor>
		</Anchors>
		<Layers>
			<Layer level="BACKGROUND">
				<FontString justifyH="RIGHT" inherits="NumberFont_Shadow_Small" text="BFM_AD_TEXT">
					<Color r="0.8" g="0.8" b="0.8" a="0.8"/>
					<Size>
						<AbsDimension x="250" y="36"/>
					</Size>
					<Anchors>
						<Anchor point="BOTTOMRIGHT" relativePoint="BOTTOMRIGHT">
							<Offset>
								<AbsDimension x="-15" y="6"/>
							</Offset>
						</Anchor>
					</Anchors>
				</FontString>
			</Layer>
		</Layers>
		<Frames>
			<CheckButton name="$parentTab1" inherits="BFMountFrameTabTemplate"  id="1">
				<Anchors>
					<Anchor point="TOPLEFT" relativePoint="TOPRIGHT">
						<Offset>
							<AbsDimension x="-5" y="-35"/>
						</Offset>
					</Anchor>
				</Anchors>
				<NormalTexture	file="Interface\Icons\ability_mount_charger"/>
				<Scripts>
					<OnLoad>
						self.tabindex=1
					</OnLoad>
					<OnClick>
						BFPet_MountTabOnClick(self,self.tabindex)
					</OnClick>
				</Scripts>
			</CheckButton>
			<CheckButton name="$parentTab2" inherits="BFMountFrameTabTemplate"   id="2">
				<Anchors>
					<Anchor point="TOPLEFT" relativeTo="$parentTab1" relativePoint="BOTTOMLEFT">
						<Offset>
							<AbsDimension x="0" y="-17"/>
						</Offset>
					</Anchor>
				</Anchors>
				<NormalTexture	file="Interface\Icons\ability_mount_spectraltiger"/>
				<Scripts>
					<OnLoad>
						self.tabindex=2
					</OnLoad>
					<OnClick>
						BFPet_MountTabOnClick(self,self.tabindex)
					</OnClick>
				</Scripts>
			</CheckButton>

			<CheckButton name="$parentTab3" inherits="BFMountFrameTabTemplate"   id="3">
				<Anchors>
					<Anchor point="TOPLEFT" relativeTo="$parentTab2" relativePoint="BOTTOMLEFT">
						<Offset>
							<AbsDimension x="0" y="-17"/>
						</Offset>
					</Anchor>
				</Anchors>
				<NormalTexture	file="Interface\Icons\ability_mount_netherdrakepurple"/>
				<Scripts>
					<OnLoad>
						self.tabindex=3
					</OnLoad>
					<OnClick>
						BFPet_MountTabOnClick(self,self.tabindex)
					</OnClick>
				</Scripts>
			</CheckButton>

			<ScrollFrame name="$parentScrollFrame" inherits="FauxScrollFrameTemplate">
				<Size>
					<AbsDimension x="247" y="290"/>
				</Size>
				<Anchors>
					<Anchor point="TOPRIGHT">
						<Offset>
							<AbsDimension x="-32" y="-35"/>
						</Offset>
					</Anchor>
				</Anchors>
				<Scripts>
					<OnVerticalScroll>
						FauxScrollFrame_OnVerticalScroll(self, offset, 20, BFPet_ScrollUpdate);
					</OnVerticalScroll>
				</Scripts>
			</ScrollFrame>



			<Button name="$parentSaveList" inherits="UIPanelButtonTemplate">
				<Size x="125" y="25"/>
				<Anchors>
					<Anchor point="BOTTOMRIGHT" relativePoint="BOTTOMRIGHT">
						<Offset x="-20" y="75"/>
					</Anchor>
				</Anchors>
				<Scripts>
					<OnClick function="BFPet_GeneratePetButtonOnClick"/>
				</Scripts>
			</Button>
			<Button name="$parentSelectAll" inherits="UIPanelButtonTemplate">
				<Size x="110" y="25"/>
				<Anchors>
					<Anchor point="BOTTOMLEFT">
						<Offset x="20" y="40"/>
					</Anchor>
				</Anchors>
				<Scripts>
					<OnClick function="BFPet_SelectAllOnClick"/>
				</Scripts>
			</Button>
			<Button name="$parentSelectNone" inherits="UIPanelButtonTemplate">
				<Size x="110" y="25"/>
				<Anchors>
					<Anchor point="BOTTOMLEFT">
						<Offset x="20" y="75"/>
					</Anchor>
				</Anchors>
				<Scripts>
					<OnClick function="BFPet_SelectNoneOnClick"/>
				</Scripts>
			</Button>

		</Frames>
        <Scripts>
			<OnShow>
				BFPetFrame_OnShow()
			</OnShow>
        </Scripts>
    </Frame>-->
</Ui>
