<Ui xmlns="http://www.blizzard.com/wow/ui/" xmlns:xsi="http://www.w3.org/2001/XMLSchema-instance" xsi:schemaLocation="http://www.blizzard.com/wow/ui/
..\FrameXML\UI.xsd">
	<Script file="AddonConfig.lua"/>

	<Script file="CombatIndicator.lua"/>
	<Script file="DCT.lua"/>
	<Script file="SpellTimer.lua"/>
	<Script file="EventAlert.lua"/>
	<Script file="Gladius.lua"/>
	<Script file="GladiatorlosSA.lua"/>
	<Script file="BFCoolDown.lua"/>
	<Script file="Coolline.lua"/>
	<Script file="TrinketMenu.lua"/>
	<Script file="ChannelFilter.lua"/>
	<Script file="AutoEquip.lua"/>
	<Script file="AutoTabard.lua"/>
	<Script file="BFMount.lua"/>
	<Script file="FestivalHelper.lua"/>
	<Script file="ezIcons.lua"/>
	<Script file="TargetCharms.lua"/>
	<Script file="SpellHelper.lua"/>
	<Script file="ItemInfo.lua"/>
	<Script file="RepairHelper.lua"/>
	<Script file="GDKP.lua"/>
	<Script file="MIDKP.lua"/>
	<Script file="Recount.lua"/>
	<Script file="Skada.lua"/>
	<Script file="DBM.lua"/>
	<Script file="Grid.lua"/>
	<Script file="Ora3.lua"/>
	<Script file="Decursive.lua"/>
	<Script file="Omen3.lua"/>
	<Script file="RaidAlert.lua"/>
	<Script file="PartyAssist.lua"/>
	<Script file="Clique.lua"/>
	
	<Script file="BFQuest.lua"/>
	<Script file="Archy.lua"/>
	<Script file="MapPlus.lua"/>
	<Script file="BigFootMark.lua"/>
	<Script file="LootListPlus.lua"/>
	<Script file="YSSBossLoot.lua"/>
	<Script file="QuestHubber.lua"/>
	<Script file="QuestHelperLite.lua"/>
	<Script file="TurnIn.lua"/>
	<Script file="BFClassMods.lua"/>
	<Script file="NugComboBar.lua"/>
	<Script file="NewPowerBar.lua"/>
	<Script file="TotemTimer.lua"/>
	<Script file="AttackTimer.lua"/>
	<Script file="HunterAssist.lua"/>
	<Script file="Myslot.lua"/>
	<Script file="BFBadgets.lua"/>
	<Script file="BFCastingBar.lua"/>
	<Script file="MailMod.lua"/>
	<Script file="ScreenMark.lua"/>
	<Script file="MorInspect.lua"/>
	<Script file="QuickCompare.lua"/>
	<Script file="RatingBuster.lua"/>
	<Script file="GearScore.lua"/>
	<Script file="ReforgeLite.lua"/>
	<Script file="Combuctor.lua"/>
	<Script file="PackUpInventory.lua"/>
	<Script file="TheburningTrade.lua"/>
	<Script file="BigFootBar.lua"/>
	<Script file="BubbleChat.lua"/>
	<Script file="ChatEnhance.lua"/>
	<Script file="WhisperPop.lua"/>
	<Script file="BigFootChat.lua"/>
	<Script file="MobHealth.lua"/>
	<Script file="Bartender4.lua"/>
	<Script file="BlizzardMove.lua"/>
	<Script file="BFGoldFrame.lua"/>
	<Script file="QuickLoot.lua"/>
	<Script file="SellerHelper.lua"/>
	<Script file="ErrorFilter.lua"/>
	<Script file="Mapster.lua"/>
	<Script file="ItemLevel.lua"/>
	<Script file="RangeDisplay.lua"/>
	<Script file="BFTooltip.lua"/>
	<Script file="BuffMaster.lua"/>
	<Script file="TUnitFrame.lua"/>
	<Script file="BattleHapper.lua"/>
	<Script file="PlayerLink.lua"/>
	<Script file="UnrealEquip.lua"/>
	<Script file="BFGadgets.lua"/>
	<Script file="BFGuildBar.lua"/>
	<Script file="BigFootBot.lua"/>
	<Script file="SnowfallKeyPress.lua"/>
	<Script file="Masque.lua"/>
	<Script file="BFTalent.lua"/>
	<Script file="BattlePetInfo.lua"/>
	<Script file="BigFootBank.lua"/>
</Ui>