<Ui xmlns="http://www.blizzard.com/wow/ui" xmlns:xsi="http://www.w3.org/2001/XMLSchema-instance">

	<Script file="BattleHapper.lua"/>

	<Button name="BattleHapperPanel" parent="WorldStateAlwaysUpFrame">
		<Size>
			<AbsDimension x="110" y="20"/>
		</Size>
		<Layers>
			<Layer level="BORDER">
				<FontString name="$parentText" inherits="GameFontNormalSmall" justifyH="LEFT" outline = "NORMAL">
					<Size>
						<AbsDimension x="180" y="10"/>
					</Size>
					<Anchors>
						<Anchor point="LEFT" x="0" y="0"/>
					</Anchors>
				</FontString>
			</Layer>
		</Layers>
		<Scripts>
			<OnEnter>
				GameTooltip:SetOwner(self, "ANCHOR_RIGHT")
				GameTooltip:SetText(BH_TOOLTIP);
			</OnEnter>
			<OnLeave>
				GameTooltip:Hide()
			</OnLeave>
			<OnClick>
				BattleHapper_OnMouseDown(self,button)
			</OnClick>
		</Scripts>
	</Button>

</Ui>